SKU,QTY
SWP-LB-pkt,1110
BEA-FO-pkt,863
COS-CH-pkt,830
SWP-HS-pkt,602
CAL-MX-pkt,557
POP-PM-pkt,522
TOM-PR-pkt,514
SWP-TL-pkt,503
CAR-RA-pkt,479
HER-PJ-pkt,463
SWP-AP-pkt,462
HER-IL-pkt,445
CUC-SH-pkt,434
CAR-SN-pkt,433
ZUC-CR-pkt,418
LAR-WC-pkt,395
SWP-NI-pkt,390
LAR-EG-pkt,379
SWP-MW-pkt,375
BFL-AB-pkt,363
BEA-KM-pkt,363
TOM-AN-pkt,361
SWP-SZ-pkt,356
HER-SC-pkt,356
COS-XS-pkt,352
MON-LB-pkt,347
SWP-WF-pkt,343
HER-GK-pkt,322
TOM-AL-pkt,321
SMA-RS-pkt,321
AST-HP-pkt,319
ONI-IS-pkt,316
SWP-KF-pkt,313
CUC-VO-pkt,310
PEP-YN-pkt,307
ZUC-DS-pkt,303
POP-AG-pkt,300
PEA-CA-pkt,300
BEA-EM-pkt,291
SWP-JJ-pkt,286
SMA-MD-pkt,284
HER-GC-pkt,283
SUN-GS-pkt,280
MAR-FB-pkt,279
STB-AW-pkt,277
TOM-PG-pkt,275
HER-MP-pkt,275
CUC-CE-pkt,272
SWP-WR-pkt,271
TOM-MS-pkt,269
COS-DI-pkt,268
HER-GP-pkt,267
HER-EC-pkt,264
SMA-JO-pkt,263
SCA-GY-pkt,262
PEA-SS-pkt,261
FAV-KA-pkt,260
SMA-LA-pkt,259
BRO-SO-pkt,256
PEP-JN-pkt,255
SWP-WN-pkt,254
HER-BC-pkt,253
TOM-KK-pkt,247
AST-TC-pkt,245
ZIN-ZP-pkt,245
COS-CW-pkt,242
TOM-FI-pkt,241
FEN-FI-pkt,240
BEA-SE-pkt,239
GRE-AS-pkt,239
SWP-EM-pkt,238
RAD-GL-pkt,237
TOM-IH-pkt,237
BEA-MV-pkt,236
RAD-FB-pkt,236
STR-AP-pkt,236
SNA-OW-pkt,231
NAS-AL-pkt,230
BRO-SM-pkt,229
COL-CG-pkt,229
ACH-DD-pkt,229
LET-ER-pkt,228
PEP-BP-pkt,223
HER-ME-pkt,223
BEE-3B-pkt,222
BAB-FB-pkt,220
SUN-GA-pkt,219
ZIN-ZL-pkt,218
BEE-SH-pkt,218
SMA-FC-pkt,216
HER-MT-pkt,215
ONI-ER-pkt,215
HER-TU-pkt,215
POP-FA-pkt,214
ACH-LP-pkt,212
NAS-TM-pkt,208
RAD-SO-pkt,208
SPI-WB-pkt,207
CAR-DR-pkt,207
LET-MX-pkt,206
WAT-BM-pkt,206
SQU-BB-pkt,206
SWP-PO-pkt,205
BEA-AT-pkt,205
COS-SP-pkt,204
ZIN-QR-pkt,203
NIG-EX-pkt,201
LUP-DT-pkt,201
POP-PM-500s,200
TOM-TA-pkt,200
ZIN-QP-pkt,200
VRB-PM-pkt,199
BRO-NO-pkt,199
LAR-SB-pkt,198
VET-AZ-pkt,197
RUD-AS-pkt,196
CAB-NS-pkt,195
SCA-FM-pkt,195
NIC-LG-pkt,195
BEA-TV-pkt,193
SMA-VM-pkt,193
CHA-RA-pkt,192
SPI-WG-pkt,192
MIX-MI-pkt,191
SQU-OD-pkt,191
TOM-VZ-pkt,190
EGG-DI-pkt,190
CUC-SM-pkt,188
TOM-MA-pkt,188
BEA-TP-pkt,187
TOM-GS-pkt,185
SQU-ZE-pkt,185
FLO-BO-pkt,184
SWP-BR-pkt,184
ZIN-BE-pkt,184
KAL-DB-pkt,182
COR-TU-pkt,182
MAR-GE-pkt,178
HER-BF-pkt,178
PHA-BF-pkt,176
HER-AH-pkt,176
TOM-PI-pkt,176
PEP-LY-pkt,176
SMA-YS-pkt,175
FLA-OM-pkt,175
PEA-SA-pkt,174
LAR-PB-pkt,174
BEA-TA-pkt,174
RUD-SH-pkt,171
CAB-FK-pkt,170
CAB-JK-pkt,168
BRO-UM-pkt,167
SMA-MT-pkt,167
CLB-BL-pkt,166
PEP-RM-pkt,166
BEA-PR-pkt,165
SCA-BK-pkt,164
BEA-PE-pkt,164
ERY-BG-pkt,163
BEE-TG-pkt,163
SAL-WS-pkt,163
PEP-BA-pkt,163
BEA-BG-pkt,163
SQU-PO-pkt,162
DID-LB-pkt,162
BEA-SB-pkt,162
PAR-SS-pkt,160
PEA-RV-pkt,159
FOX-AB-pkt,156
TGC-AM-pkt,154
TGC-QM-pkt,153
PEA-HL-pkt,153
PEA-WX-pkt,151
SMA-AC-pkt,151
CHI-IS-pkt,151
RUD-PR-pkt,150
DAT-SA-pkt,149
CER-PG-pkt,149
SMA-MB-pkt,148
PEA-SR-pkt,148
TOM-SO-pkt,148
CAL-ZE-pkt,147
CUC-SA-pkt,147
CAB-DO-pkt,145
FOC-FT-pkt,145
EGG-VI-pkt,145
LEE-BW-pkt,144
COS-VE-pkt,143
SQU-SR-pkt,143
NIC-BQ-pkt,143
PEP-PM-pkt,143
BEA-GI-pkt,142
PEA-MA-pkt,141
PEP-EE-pkt,139
SWP-AB-pkt,139
ONI-RM-pkt,139
LET-BG-pkt,138
POP-ZI-pkt,137
ZIN-IS-pkt,137
ZIN-OC-pkt,136
PEA-SP-pkts,135
TOM-NR-pkt,135
SMA-VG-pkt,134
PEP-CZ-pkt,133
SCA-SB-pkt,133
SQU-BF-pkt,132
TOM-BC-pkt,131
MEL-PF-pkt,130
LEE-NE-pkt,130
SQU-FU-pkt,129
ONI-RL-pkt,129
BEE-CR-pkt,128
SNA-RB-pkt,128
SMA-BR-pkt,128
PEP-SP-pkt,127
CAB-M2-pkt,127
ONI-AC-pkt,127
SUN-SO-pkt,127
LET-LG-pkt,126
WHE-BE-pkt,125
PEP-BM-pkt,124
POP-PA-pkt,123
TOM-GM-pkt,122
MIX-SP-pkt,120
GRE-PC-pkt,120
AMA-OP-pkt,119
GRE-TA-pkt,119
LET-JE-pkt,119
LET-DV-pkt,119
ONI-RJ-pkt,117
SQU-YC-pkt,116
AST-HH-pkt,116
ONI-NY-pkt,115
NIC-PS-pkt,115
MIG-AM-pkt,115
CHI-IN-pkt,114
POP-LP-pkt,112
SMA-BB-pkt,112
TOM-BL-pkt,112
CAR-TO-pkt,111
TOM-GA-pkt,111
SCA-FB-pkt,111
AMA-EH-pkt,111
CEL-MO-pkt,111
POP-CA-pkt,111
TOM-CE-pkt,110
PEP-CC-pkt,110
SMA-GA-pkt,109
PUM-WL-pkt,109
SAL-TV-pkt,109
RUD-GW-pkt,109
CUC-LE-pkt,109
LET-MQ-pkt,109
HER-MA-pkt,108
SPI-BE-pkt,108
BEE-BO-pkt,108
SMA-BE-pkt,107
SMA-SG-pkt,107
SQU-SM-pkt,107
KAL-RF-pkt,107
HER-CM-pkt,107
BEA-GR-pkt,106
SMA-BO-pkt,106
LET-SU-pkt,105
NIG-BV-pkt,105
SUN-TO-pkt,105
WHE-EB-pkt,104
WAT-JK-pkt,104
PUM-LP-pkt,103
GRE-RU-pkt,103
TOM-ST-pkt,103
GRE-WA-pkt,101
SQU-MG-pkt,101
TGC-DM-pkt,101
PUM-HO-pkt,100
ONI-SR-pkt,100
BEA-FL-pkt,99
SWP-MR-pkt,99
POP-CO-pkt,99
SAL-TH-pkt,98
BEA-DR-pkt,98
STR-SR-pkt,98
MAR-PI-pkt,98
LET-ME-pkt,97
POP-MP-pkt,97
WAT-CO-pkt,97
SGB-pkts,97
MEL-ER-pkt,97
AMA-LL-pkt,96
CEL-SC-pkt,96
GRE-BS-pkt,96
BEA-RO-pkt,95
BEA-TE-pkt,95
CAU-PR-pkt,95
HER-VE-pkt,95
CRP-RO-pkt,95
LET-FT-pkt,94
MEL-CL-pkt,93
GRE-ES-pkt,93
KAL-RR-pkt,92
FOX-WC-pkt,92
LET-SB-pkt,91
POP-BS-pkt,91
GRS-FE-pkt,91
NIG-DB-pkt,90
TOM-RP-pkt,90
LEN-BL-pkt,90
LAR-BC-pkt,89
SMA-LT-pkt,89
TOM-CA-pkt,89
ZIN-SR-pkt,88
LET-AD-pkt,88
BEA-LC-pkt,88
BEE-CH-pkt,87
PEP-MP-pkt,86
PEP-SG-pkt,85
PEP-SR-pkt,85
CHI-MA-pkt,85
RUD-PG-pkt,85
MIX-BR-pkt,84
CEL-RP-pkt,84
GIF-GIF-pkt,84
SMA-PA-pkt,84
PEP-PA-pkt,83
SMA-CA-pkt,82
TOM-AF-pkt,82
TOM-NE-pkt,82
HER-PJ-1oz,80
CUC-SS-pkt,79
BEA-CA-pkt,79
BAB-BB-pkt,78
SUN-TA-pkt,78
SMA-SA-pkt,78
COR-PM-pkt,78
SCA-SM-pkt,78
POP-DF-pkt,78
TOM-LA-pkt,77
LET-QH-pkt,76
TOM-MG-pkt,76
SQU-BI-pkt,76
FLO-ED-pkt,75
SMA-JO-500s,75
BEA-JG-pkt,75
PEP-CS-pkt,75
ZIN-ZL-100s,74
LEE-LN-pkt,74
CLB-LS-pkt,74
SWP-FN-pkt,74
PEP-OK-pkt,74
SMA-FX-pkt,74
TOM-JF-pkt,73
TOM-CH-pkts,73
CLE-VQ-pkt,73
BEA-BP-pkt,73
AMA-HB-pkt,72
GYP-CG-pkt,71
TOM-SL-pkt,71
GAR-BK-pkt,71
SWP-RE-pkt,71
BEA-AJ-pkt,70
ZIN-ZP-100s,70
CHA-RH-pkt,70
STR-MF-pkt,68
TOM-SH-pkt,68
AST-TS-pkt,68
MEL-MO-pkt,67
LET-TB-pkt,67
ONI-ER-1/8oz,66
BEA-RL-pkt,66
SQU-ZM-pkt,65
TOM-KO-pkt,65
PEP-BY-pkt,65
LAR-EG-250s,64
SQU-ZE-1oz,64
TOM-BP-pkt,64
PEP-TU-pkt,63
BEA-HP-pkt,63
SUN-RE-pkt,63
BEA-PA-pkt,62
PEP-BR-pkt,62
HER-HY-pkt,62
SMA-DT-pkt,62
COR-DB-pkt,61
SMA-RS-500s,60
LET-FB-pkt,60
FOC-ST-pkt,59
CAU-PR-1/8oz,59
PEP-TM-pkt,59
SUN-GA-100s,59
BEA-ZO-pkt,58
COR-AB-pkt,57
PEA-GS-pkt,57
COW-FL-pkt,57
PEP-DH-pkt,56
TOM-SW-pkt,56
SMA-ET-pkt,56
RAD-FB-1oz,55
GRE-WC-pkt,54
BEA-SO-pkt,53
LET-HR-pkt,53
TOM-SB-pkt,52
CRD-GN-pkt,52
WAT-CO-50s,51
TOM-AN-100s,50
GRE-MZ-pkt,50
COS-XS-250s,49
SMA-BE-500s,49
SMA-SE-pkt,49
SAP-WB-pkt,49
PEP-AS-pkt,49
MGL-GO-pkt,49
SMA-MR-pkt,49
MEL-GI-pkt,48
ONI-IS-1/4oz,48
COS-CW-250s,48
LAR-PB-250s,47
TOM-CL-pkt,46
TOM-GG-pkt,46
AMA-CF-pkt,46
BEE-LU-pkt,46
SMA-MD-500s,46
SMA-RM-pkt,46
MAR-GE-250s,46
LET-PI-pkt,46
ONI-RJ-1/8oz,46
VRB-AS-pkt,45
FLA-OM-1oz,45
BEA-IC-pkt,45
LET-GA-pkt,45
SMA-SH-pkt,44
LET-CI-pkt,44
GRE-WA-1/8oz,44
CAR-YE-pkt,44
BEA-JC-pkt,43
BEA-MF-pkts,43
ONI-RM-1/8oz,43
SMA-MD-1Ms,42
GRE-AS-1oz,42
BEE-FK-pkt,42
GIF-GIF-5pkt,42
LET-GR-pkt,41
NIC-LD-pkt,41
SMA-RS-1Ms,41
SMA-RR-pkt,41
PEP-BA-250s,41
PHA-BF-1oz,40
COS-DI-250s,40
SMA-YS-500s,40
CHI-IN-500s,40
ACH-LP-1Ms,39
HER-GC-1g,39
TOM-PR-100s,39
STR-AP-500s,38
BEA-BI-pkt,38
BEA-CI-pkt,38
SMA-MB-500s,37
LET-IT-pkt,37
SMA-JO-1Ms,37
ACH-DD-1Ms,37
SMA-PQ-pkt,37
TOM-PG-100s,36
TOM-IH-100s,36
CHI-BQ-pkt,36
BEA-MX-pkt,36
POP-ZI-1g,36
LET-RG-pkt,36
SAP-WB-1/2oz,36
SMA-BT-pkt,36
RAD-GL-1oz,36
LAR-BC-500s,36
CAR-SN-1/2oz,36
ONI-AC-1/8oz,36
AST-TC-250s,35
FEN-FI-1/8oz,35
LET-AY-pkt,35
COL-CG-1/4oz,35
CER-PG-100s,34
FOX-AB-1/4g,34
LET-LB-pkt,34
CAL-ZE-250s,33
LET-BI-pkt,33
SCA-FM-250s,33
COS-SP-250s,32
SMA-LA-1Ms,32
PEA-SR-1/2lb,32
SMA-SG-500s,32
CRP-RO-500s,32
PEP-BA-1Ms,32
HER-IL-1/8oz,32
CAB-M2-1/4oz,32
LET-MA-pkt,32
SQU-BB-1oz,31
SMA-LT-500s,31
GRE-RS-pkt,31
LAR-EG-1Ms,31
AST-HP-250s,31
SPI-WB-1oz,31
LET-OS-pkt,31
BEA-HR-pkt,31
PEP-HP-pkt,30
SMA-VE-pkt,30
HER-ME-1Ms,30
PEA-WX-1/2lb,30
CUC-SH-1/2oz,30
SMA-DT-500s,30
PEP-BA-100s,30
SUN-SO-100s,30
SMA-PA-500s,30
COR-FL-pkt,30
LEE-NE-1/8oz,30
NIC-OL-pkt,29
PEP-PM-100s,29
COR-RC-pkt,29
AMA-SU-pkt,29
SAL-WS-250s,29
VET-AZ-100s,28
LET-OD-pkt,28
ONI-SR-1/8oz,28
SMA-AC-500s,28
ZUC-DS-1oz,28
BEA-KY-pkt,28
PEP-EE-100s,28
HER-AH-500s,28
MAR-FB-250s,27
CHI-IS-500s,27
WAT-BM-100s,27
ZIN-BE-250s,27
BRO-NO-1/4oz,27
SUN-RE-100s,26
BEA-PR-1/2lb,26
ZUC-CR-1oz,26
SMA-PN-pkt,26
TOM-RF-pkt,26
GRE-TA-1oz,26
EGG-DI-100s,26
POP-PA-1g,26
CAB-NS-1Ms,26
KAL-DB-1/4oz,25
BAB-BB-1/4oz,25
PEP-YN-100s,25
SAL-TH-500s,25
GRE-GF-pkt,25
PEA-MA-1/2lb,25
GYP-CG-1Ms,25
SWP-KF-100s,25
SCA-BK-250s,25
EGG-VI-100s,25
TOM-FI-100s,25
DID-LB-500s,25
PEP-CS-100s,25
ZIN-QR-250s,24
AMA-SU-1/4oz,24
HER-BF-1/4oz,24
SMA-BO-500s,24
PEA-RV-1/2lb,24
SMA-FC-500s,24
TOM-NR-100s,24
RAD-SO-1oz,24
TOM-AL-100s,24
CAB-JK-1/4oz,24
LEE-BW-1/8oz,24
PEA-HL-1/2lb,24
TOM-GM-100s,24
CUC-CE-1/2oz,24
LET-AB-pkt,23
SMA-AC-1Ms,23
TOO-PC,23
FOC-FM-pkt,23
SMA-RR-500s,23
LEE-LN-1/8oz,23
SMA-PA-1Ms,23
LET-RR-pkt,23
WAT-JK-100s,23
BEA-HU-pkt,22
SPI-BE-1oz,22
PEP-BR-100s,22
SMA-VE-500s,22
CHI-IN-1Ms,22
LET-RV-pkt,22
NIG-EX-500s,22
TGC-AM-200s,22
SMA-BE-1Ms,21
PEP-BY-100s,21
ONI-RL-1/8oz,21
ERY-BG-100s,21
PEP-SP-100s,21
SPI-WG-1oz,21
STR-SR-500s,21
FAV-KA-1/2lb,21
TOM-MA-100s,21
PEP-CC-100s,21
PEP-JN-100s,20
SMA-SA-500s,20
BEA-MX-1/2lb,20
CHA-RA-1oz,20
GRS-FE-500s,20
PEA-SS-1/2lb,20
CUC-VO-1/2oz,20
ONI-NY-1/8oz,20
PEA-CA-1/2lb,20
CLB-BL-500s,20
SMA-VM-500s,20
BEA-RL-1/2lb,20
BEA-RO-1/2lb,20
RUD-AS-500s,20
LET-EM-pkt,20
BEA-TE-1/2lb,20
SMA-VG-500s,20
SMA-ET-500s,20
SMA-YS-1Ms,20
SMA-DT-1Ms,20
BEE-SH-1oz,19
PEP-SG-100s,19
CAR-YE-1/2oz,19
TOM-JF-100s,19
TOM-BL-100s,19
GRE-RU-1/4oz,19
BEA-TP-1/2lb,19
CEL-SC-500s,19
BEE-TG-1oz,19
BEA-DR-1/2lb,18
CAB-FK-1/4oz,18
GRE-WC-1/4oz,18
BEA-TP-1lb,18
BEA-DR-1lb,18
SMA-RM-500s,18
LAR-PB-1Ms,18
CUC-SA-100s,18
SMA-RR-1Ms,18
PEP-CZ-100s,18
SMA-VM-1Ms,18
BRO-SO-1/4oz,18
STR-MF-500s,18
SUN-GA-1Ms,18
GRE-PC-1/4oz,18
ZIN-ZL-500s,18
COR-AB-1/4lb,18
TOM-MY-pkt,18
SMA-SH-500s,18
PEA-SA-1/2lb,18
PEP-PM-250s,18
SMA-SH-1Ms,18
SMA-SG-1Ms,17
PEP-MP-100s,17
FOC-BE-pkt,17
SMA-MB-1Ms,17
PAR-SS-1/4oz,17
CAR-DR-1/2oz,17
BEA-GR-1/2lb,16
AMA-EH-1/4oz,16
GRE-ES-1/8oz,16
BEA-HP-1/2lb,16
BEE-CR-1oz,16
LET-ER-1/4oz,16
SAL-TV-250s,16
BRO-UM-1/4oz,16
BAB-FB-1/4oz,16
HER-GK-1/2oz,16
ZUC-DS-1lb,16
BRO-NO-1oz,16
MAR-PI-250s,16
BEA-JG-1/2lb,16
PUM-WL-1oz,15
SMA-GA-500s,15
CEL-MO-1Ms,15
VRB-PM-1Ms,15
LET-CR-pkt,15
LET-WD-pkt,15
GRE-AS-1/4lb,15
NIG-EX-1Ms,15
AST-HH-250s,15
NIG-DB-500s,15
SMA-SA-1Ms,15
TGC-DM-100s,15
PUM-LP-1oz,15
SUN-TA-100s,15
PEA-MA-1lb,14
SMA-FC-1Ms,14
NIG-BV-500s,14
BEA-PR-1lb,14
SMA-LT-1Ms,14
CUC-SS-1/2oz,14
CUC-SM-1/2oz,14
CHI-MA-500s,14
SMA-SE-500s,14
RUD-SH-500s,14
CAL-MX-1oz,14
SQU-FU-1oz,14
BEA-VE-pkt,14
RUD-PR-500s,13
SMA-GA-1Ms,13
PEP-PA-100s,13
SMA-PN-500s,13
POP-LP-1g,13
CHI-IS-1Ms,13
EGG-DI-250s,13
SNA-RB-1Ms,13
ONI-RM-1/2oz,13
TOM-BC-100s,13
MGL-GO-200s,13
PEP-SP-250s,13
BEA-SO-1/2lb,12
TOM-GS-100s,12
GAR-BK-1/2lb,12
AMA-OP-1/4oz,12
SCA-SB-250s,12
SQU-BF-1oz,12
HER-TU-500s,12
SWP-JJ-100s,12
SMA-MT-500s,12
ONI-AC-1/2oz,12
PEP-BM-100s,12
MEL-CL-1/2oz,12
SCA-FB-100s,12
BEA-CA-1/2lb,12
COR-TU-1/2lb,12
SMA-PQ-500s,12
PEP-EE-250s,12
PEA-RV-1lb,12
SMA-FX-500s,12
PEP-HP-100s,12
LAR-WC-500s,12
BEA-IC-1/2lb,12
PEA-SR-1lb,12
BEA-PE-1/2lb,12
SQU-OD-1oz,12
CAR-DR-1oz,12
SMA-BR-500s,12
CAR-SN-1oz,12
BEA-FL-1/2lb,12
COR-DB-1/4lb,12
MON-LB-500s,12
PEP-BP-100s,12
FOC-ST-100s,12
KAL-RR-1/4oz,12
GRE-RS-1/4oz,12
TOM-ST-100s,12
BEA-KY-1/2lb,12
BEA-LC-1/2lb,12
PEP-LY-100s,12
BEA-HR-1/2lb,12
VET-AZ-500s,12
CUC-CE-1oz,12
PEP-TU-100s,12
TOM-GA-100s,12
CHI-BQ-500s,12
CRD-GN-100s,12
ZIN-SR-250s,11
PEP-CS-500s,11
PEP-SR-100s,11
gift-cert-25,11
SQU-YC-1oz,11
TOM-CA-100s,11
SCA-SM-250s,11
LET-FB-1/4oz,11
SQU-ZM-1oz,11
CUC-LE-1/2oz,11
LET-FT-1/4oz,11
MEL-ER-1/2oz,11
SQU-BI-1oz,11
SMA-VG-1Ms,11
SMA-RM-1Ms,11
TOM-PI-100s,11
LET-JE-1/4oz,11
SWP-AP-100s,10
TOM-FI-250s,10
SWP-MW-100s,10
SWP-BR-100s,10
BEA-HU-1lb,10
BEA-ZO-1/2lb,10
BEA-HR-1lb,10
SUN-GS-100s,10
EGG-VI-250s,10
ZIN-QP-250s,10
NIG-BV-1Ms,10
BEA-IC-1lb,10
GRE-MZ-1oz,10
BEA-RO-1lb,10
SWP-WN-100s,10
SWP-NI-100s,10
BEA-TE-1lb,10
BEA-BP-1/2lb,10
TOM-NE-100s,10
AMA-HB-1/4oz,10
BEA-RL-1lb,10
BEA-MX-1lb,10
TOM-RP-100s,10
PEA-SS-1lb,10
POP-FA-1g,10
POP-CO-1g,10
BEA-BI-1/2lb,10
MEL-GI-1/2oz,10
PEA-CA-1lb,10
BEA-PA-1/2lb,10
SMA-BO-1Ms,10
CUC-SS-1oz,10
POP-MP-1g,10
TOM-LA-100s,10
CAB-FK-1oz,10
BEE-FK-1oz,9
LET-QH-1/4oz,9
BEA-BG-1/2lb,9
RUD-PG-500s,9
ZIN-ZP-500s,9
TOM-MA-250s,9
SMA-ET-1Ms,9
MEL-PF-1/2oz,9
SMA-VE-1Ms,9
CUC-VO-1oz,9
SUN-TO-250s,9
BEA-HP-1lb,9
TOM-CE-100s,9
PEA-GS-1/2lb,9
NIC-BQ-1Ms,9
LET-LG-1/4oz,9
CAR-TO-1/2oz,9
AST-TS-250s,9
PEP-OK-100s,8
HER-MT-500s,8
POP-DF-1g,8
COR-PM-1/2lb,8
WHE-BE-1/4lb,8
TOM-AN-250s,8
TOM-SW-100s,8
SMA-SE-1Ms,8
BEA-JG-1lb,8
LET-GR-1/4oz,8
RUD-GW-500s,8
COS-CW-1Ms,8
BEA-CI-1/2lb,8
SCA-GY-100s,8
CEL-SC-1Ms,8
BEA-TV-1/2lb,8
SMA-MD-5Ms,8
CAU-PR-1/4oz,8
SQU-SM-1oz,8
NIC-PS-1Ms,8
NAS-AL-1oz,8
SNA-OW-1Ms,8
LEE-LN-1/2oz,8
PEP-YN-250s,8
BEA-TA-1/2lb,8
GRE-WC-1oz,8
PEP-PA-1Ms,8
PEA-HL-1lb,8
LET-BG-1/4oz,8
LET-AD-1/4oz,8
ONI-ER-1/2oz,8
PEP-SG-250s,8
LAR-SB-250s,8
BEA-CA-1lb,8
BEA-BP-1lb,8
BEA-HU-1/2lb,8
ZIN-IS-250s,8
COR-RC-1/2lb,8
LET-DV-1/4oz,7
SMA-BB-500s,7
LET-ME-1/4oz,7
CEL-RP-500s,7
PEP-TM-100s,7
BEE-SH-1/4lb,7
TOM-PR-250s,7
SMA-CA-500s,7
SMA-MB-5Ms,7
SMA-BB-1Ms,7
SQU-PO-1oz,7
TOM-AF-100s,7
TOM-PG-250s,7
CUC-SH-1oz,7
FAV-KA-1lb,7
SPI-WB-1/4lb,7
SUN-SO-1Ms,7
PEP-DH-100s,7
GRE-RU-1oz,7
TOM-MG-100s,7
TOM-SO-100s,7
BEE-BO-1oz,7
gift-cert-50,7
COS-SP-1Ms,6
PEP-AS-100s,6
TOM-KO-100s,6
POP-BS-1g,6
VRB-AS-1Ms,6
BEA-KM-1/2lb,6
FOX-WC-1/4g,6
SMA-JO-5Ms,6
CHI-BQ-1Ms,6
CEL-RP-1Ms,6
TOM-PI-250s,6
PEA-SA-1lb,6
SMA-CA-1Ms,6
BEA-FL-1lb,6
BEA-KY-1lb,6
COR-FL-1/2lb,6
ZUC-DS-1/4lb,6
AMA-CF-1/4oz,6
PEP-BR-500s,6
LEE-BW-1/2oz,6
SWP-FN-100s,6
LET-SU-1/4oz,6
SAL-WS-1Ms,6
TOM-BP-100s,6
BEA-LC-1lb,6
ONI-SR-1/2oz,6
BEA-AT-1/2lb,6
PEP-PA-250s,6
SMA-FX-1Ms,6
CLE-VQ-250s,5
LET-OS-1/4oz,5
LET-RV-1/4oz,5
SMA-MT-1Ms,5
LET-RG-1/4oz,5
LET-MQ-1/4oz,5
GRE-WC-1/4lb,5
NIG-DB-1Ms,5
CAR-TO-1oz,5
BEA-VE-1/2lb,5
KAL-RF-1/4oz,5
NIC-LD-1Ms,5
GRE-GF-1/4oz,5
TOM-SH-100s,5
SMA-AC-5Ms,5
ONI-NY-1/2oz,5
BRO-SO-1oz,5
SMA-PN-1Ms,5
GRS-FE-1Ms,5
TOM-RF-100s,5
BEA-BI-1lb,5
LET-PI-1/4oz,5
COL-CG-1oz,5
SMA-RS-5Ms,5
LET-GA-1/4oz,5
CHA-RH-1oz,5
LET-BI-1/4oz,5
COS-XS-1Ms,5
CHI-IN-5Ms,5
HER-HY-1Ms,5
SMA-VG-5Ms,5
CUC-SA-500s,5
PEP-JN-250s,5
SQU-FU-1/4lb,5
SMA-MR-500s,5
AMA-EH-1oz,5
LET-CI-1/4oz,5
SMA-BT-500s,5
PEP-CC-250s,5
BEA-VE-1lb,5
GRE-RS-1/4lb,5
AST-TC-1Ms,5
BEA-ZO-1lb,5
AST-TS-1Ms,5
CHI-MA-1Ms,5
ONI-RJ-1/2oz,5
KAL-RF-1oz,5
ONI-RJ-1oz,5
TOM-IH-250s,4
FLO-BO-1oz,4
TOM-KK-50s,4
PAR-SS-1oz,4
TOM-SL-100s,4
COR-AB-1lb,4
MEL-MO-1/2oz,4
PUM-HO-1oz,4
COS-VE-250s,4
SPI-WG-1/4lb,4
gift-cert-100,4
NIC-OL-1Ms,4
LET-MA-1/4oz,4
ONI-ER-1oz,4
CER-PG-500s,4
COS-DI-1Ms,4
FLA-OM-1/4lb,4
PEP-TU-250s,4
BEE-CR-1/4lb,4
gift-cert-150,4
BRO-SM-1/4oz,4
KAL-RR-1oz,4
AMA-LL-1/4oz,4
LET-ER-1oz,4
SCA-FB-250s,4
FEN-FI-1oz,4
FOX-AB-1g,4
CLB-LS-1Ms,4
LET-FT-1oz,4
SPI-WB-1lb,4
TOM-GM-250s,4
CUC-LE-1oz,4
BEA-GR-1lb,4
SFA-TS-pkts,4
SMA-PA-5Ms,4
CUC-SM-1oz,4
GRE-PC-1oz,4
BEA-FO-1/2lb,4
TOM-VZ-50s,4
SMA-PQ-1Ms,4
ONI-RL-1/2oz,4
ZIN-BE-1Ms,4
COR-PM-1lb,4
HER-TU-1Ms,4
LET-SB-1/4oz,4
SMA-BR-1Ms,4
HER-PJ-1/4lb,4
BEE-CH-1oz,4
LEE-NE-1/2oz,4
SMA-LT-5Ms,3
PEP-SR-250s,3
BEE-BO-1/4lb,3
SMA-LA-10Ms,3
GRE-GF-1/4lb,3
LET-HR-1/4oz,3
SMA-BE-5Ms,3
LET-RG-1oz,3
SMA-MT-5Ms,3
SMA-SG-5Ms,3
LET-WD-1/4oz,3
CHI-BQ-5Ms,3
BEE-LU-1oz,3
LEE-LN-1oz,3
LET-AB-1/4oz,3
TOM-ST-250s,3
LET-IT-1/4oz,3
PUM-WL-1/4lb,3
MEL-ER-1oz,3
LEE-NE-1oz,3
TGC-DM-250s,3
AST-HP-1Ms,3
SPI-BE-1/4lb,3
TOM-GS-250s,3
MEL-GI-1oz,3
CUC-SA-1Ms,3
SMA-VM-5Ms,3
SMA-SH-5Ms,3
LET-AD-1oz,3
BEE-TG-1/4lb,3
PEP-MP-250s,3
CAB-NS-5Ms,3
LET-TB-1/4oz,3
GRE-GF-1oz,3
TOM-GG-100s,3
SMA-DT-5Ms,3
COR-FL-1lb,3
GRE-TA-1/4lb,2
TOM-AF-250s,2
SMA-FC-5Ms,2
BRO-UM-1oz,2
LET-OD-1/4oz,2
BEE-LU-1/4lb,2
TOM-JF-250s,2
SMA-RR-5Ms,2
SPI-WG-1lb,2
ZUC-CR-1/4lb,2
HER-BF-1oz,2
CHI-IS-5Ms,2
TOM-GA-250s,2
TOM-LA-250s,2
SWP-TL-100s,2
PEP-EE-1Ms,2
ZIN-QR-1Ms,2
TOM-MG-250s,2
PEP-YN-1Ms,2
LET-RR-1/4oz,2
TOM-MY-100s,2
SUN-TA-1Ms,2
MEL-PF-1oz,2
GRE-AS-1lb,2
CHA-RA-1/4lb,2
PEP-DH-250s,2
PEP-BP-250s,2
COR-RC-1lb,2
PUM-LP-1/4lb,2
GRE-TA-1lb,2
PEA-CA-5lb,2
TOM-SH-250s,2
PEP-MP-1Ms,2
CLB-LS-500s,2
SMA-SA-5Ms,2
PEP-TM-250s,2
CAU-PR-1oz,2
LET-AY-1/4oz,2
GRE-MZ-1/4lb,2
PEP-OK-250s,2
SMA-BT-1Ms,2
PEP-CZ-250s,2
PEP-PM-1Ms,2
LET-MQ-1oz,2
GRE-RS-1oz,2
SUN-RE-1Ms,2
CHI-MA-5Ms,2
PEP-JN-1Ms,2
SMA-YS-5Ms,2
SMA-BR-5Ms,2
,2
ZIN-SR-1Ms,2
LET-JE-1oz,2
COR-DB-1lb,2
GAR-BK-1lb,2
KAL-RF-1/4lb,1
LET-SB-1oz,1
LET-CR-1/4oz,1
SQU-YC-1lb,1
EGG-DI-1Ms,1
LET-OD-1oz,1
LET-IT-1oz,1
CHI-IN-25Ms,1
LET-ME-1oz,1
ONI-SR-1oz,1
CEL-MO-25Ms,1
TOM-CE-250s,1
ONI-NY-1oz,1
PEP-HP-1Ms,1
SMA-SE-5Ms,1
LET-FB-1oz,1
GRE-WC-1lb,1
PEA-GS-1lb,1
PEP-HP-250s,1
LET-HR-1lb,1
BEE-CR-1lb,1
SMA-GA-5Ms,1
SMA-ET-5Ms,1
TOM-SO-250s,1
GRE-AS-5lb,1
SMA-VE-5Ms,1
LET-HR-1oz,1
AMA-OP-1oz,1
GRE-RU-1/4lb,1
BEE-CR-5lb,1
PEP-SG-1Ms,1
BEE-FK-1lb,1
LET-EM-1oz,1
LET-GR-1oz,1
SMA-BT-5Ms,1
BRO-SO-1/4lb,1
LET-BG-1oz,1
LET-TB-1oz,1
PEP-SR-1Ms,1
LET-CI-1oz,1
LET-GA-1oz,1
ONI-RM-1oz,1
PEP-TM-1Ms,1
ERY-BG-500s,1
MER-GT-uL,1
SMA-PQ-5Ms,1
LET-SU-1oz,1
LET-OS-1oz,1
LET-LB-1/4oz,1
KAL-RF-1lb,1
PEP-BY-500s,1
LET-EM-1/4oz,1
LET-DV-1oz,1
SMA-MR-5Ms,1
LET-GA-1lb,1
KAL-RR-1/4lb,1
MER-GT-wL,1
LET-CI-1/4lb,1
SMA-RM-5Ms,1
LET-AD-1/4lb,1
SMA-MR-1Ms,1
TOM-CA-250s,1
ERY-BG-1Ms,0
TOM-GZ-pkt,0
FOX-YH-pkt,0
GRE-BC-1oz,0
LET-GR-1/4lb,0
BEA-PR-5lb,0
BEA-JC-1/2lb,0
KAL-3K-pkt,0
SWP-LC-1/4oz,0
SPI-BE-1lb,0
FAV-MP-pkt,0
BUP-GG-1Ms,0
COW-FL-1/4lb,0
ONI-SS-pkt,0
SQU-SR-1oz,0
BUP-GG-pkt,0
BEA-PU-pkt,0
SCA-SK-pkt,0
LEN-BL-2oz,0
JAC-BP-500s,0
BEA-EM-1/2lb,0
FMN-MR-pkt,0
ONI-SS-1/2oz,0
ONI-SS-1/8oz,0
SWP-LC-1oz,0
BUP-GG-500s,0
SUN-TG-100s,0
BEE-LU-1lb,0
BEE-FK-1/4lb,0
SMA-CA-5Ms,0
ZUC-CR-1lb,0
LET-FB-1/4lb,0
BEE-SH-1lb,0
SWP-WR-100s,0
FAV-FI-pkt,0
DIA-SO-pkt,0
KAL-DW-1/4oz,0
GRE-BC-pkt,0
PEP-SU-pkt,0
KAL-DW-pkt,0
GRE-GW-pkt,0
SCA-SK-250s,0
SWP-LC-pkt,0
FLO-SA-pkt,0
MER-GT-wXL,0
CLB-BB-1Ms,0
LEE-LN-1/4lb,0
CLB-BB-pkt,0
SMA-LA-5Ms,0
BEA-PU-1/2lb,0
gift-cert-10,0
SWP-SZ-100s,0
KAL-DW-1oz,0
LET-BI-1oz,0
AMA-HB-1oz,0
NIG-BS-pkt,0
GRE-BC-1/4oz,0
FOX-CC-1Ms,0
SUN-TG-pkt,0
SMA-BO-5Ms,0
LET-MA-1oz,0
TGC-QM-100s,0
GRE-GW-1/4oz,0
JAC-BP-pkt,0
FOX-CC-pkt,0
EGG-VI-1Ms,0
,0
CLB-BB-500s,0
BEA-EM-1lb,0
LET-AY-1oz,0
SWP-MR-100s,0
TOM-PI-1Ms,0
